id,image,puzzle_id,size,source_type,condition,scope_group,ground_truth,expected_status,split,notes
eval_01,data/evaluation/images/eval_01_5x5_digital_clean.jpg,puzzle_5x5_A,5,digital,digital_clean,main,data/evaluation/ground_truth/puzzle_5x5_A.json,UNIQUE,test,Versión digital limpia del mismo puzzle usado en eval_05.
eval_02,data/evaluation/images/eval_02_5x5_digital_color.jpg,puzzle_5x5_B,5,digital,digital_colored_background,main,data/evaluation/ground_truth/puzzle_5x5_B.json,UNIQUE,test,Fondo magenta y celdas blancas.
eval_03,data/evaluation/images/eval_03_5x5_digital_darkframe.jpg,puzzle_5x5_C,5,digital,digital_dark_frame,main,data/evaluation/ground_truth/puzzle_5x5_C.json,UNIQUE,test,Imagen digital con marco oscuro y alto contraste.
eval_04,data/evaluation/images/eval_04_4x4_real_green_angle.jpg,puzzle_4x4_A,4,printed_photo,real_photo_green_light_angle,main,data/evaluation/ground_truth/puzzle_4x4_A.json,UNIQUE,test,Fotografía real con perspectiva ligera y fondo verde.
eval_05,data/evaluation/images/eval_05_5x5_real_lowcontrast.jpg,puzzle_5x5_A,5,printed_photo,real_photo_low_contrast,main,data/evaluation/ground_truth/puzzle_5x5_A.json,UNIQUE,test,Fotografía real del mismo puzzle de eval_01; permite aislar el efecto de captura.
eval_06,data/evaluation/images/eval_06_4x4_generated_light_angle.jpg,puzzle_4x4_B,4,generated_photo,generated_photo_light_angle,main,data/evaluation/ground_truth/puzzle_4x4_B.json,UNIQUE,test,Variante fotográfica generada con perspectiva e iluminación suaves.
eval_07,data/evaluation/images/eval_07_5x5_generated_light_angle.jpg,puzzle_5x5_D,5,generated_photo,generated_photo_light_angle,main,data/evaluation/ground_truth/puzzle_5x5_D.json,UNIQUE,test,Variante fotográfica generada 5x5.
eval_08,data/evaluation/images/eval_08_4x4_annotated_symbols_stress.jpg,puzzle_4x4_D,4,printed_photo,annotated_colored_symbols,stress,data/evaluation/ground_truth/puzzle_4x4_D.json,UNIQUE,test,Símbolos marcados en rojo; se conserva como stress test y no como condición base.
eval_09,data/evaluation/images/eval_09_5x5_bookcover_digital.jpg,puzzle_5x5_E,5,digital,digital_book_cover,main,data/evaluation/ground_truth/puzzle_5x5_E.json,UNIQUE,test,Diseño editorial con fondo de color y tipografía distinta.
eval_10,data/evaluation/images/eval_10_4x4_digital_dense.jpg,puzzle_4x4_C,4,digital,digital_dense_inequalities,main,data/evaluation/ground_truth/puzzle_4x4_C.json,UNIQUE,test,Caso digital 4x4 con alta densidad de desigualdades.
eval_11,data/evaluation/images/eval_11_5x5_handwritten_stress.jpg,puzzle_5x5_F,5,digital,handwritten_completion,stress_out_of_scope,data/evaluation/ground_truth/puzzle_5x5_F.json,UNIQUE,test,Contiene valores manuscritos en rojo; se conserva como limitación fuera del alcance base.
eval_12,data/evaluation/images/eval_12_4x4_real_frontal_clean.jpg,puzzle_4x4_A,4,printed_photo,real_photo_frontal_clean,main,data/evaluation/ground_truth/puzzle_4x4_A.json,UNIQUE,test,Segunda fotografía del puzzle 4x4_A con encuadre frontal y buena iluminación; comparte ground truth con eval_04.
